threshold,accuracy,precision,recall,f1,tn,fp,fn,tp
0.1,0.6651430256561486,0.2169413568417018,0.7128463476070529,0.33264766382603583,3945,2043,228,566
0.11,0.7096726629312887,0.2394678492239468,0.6801007556675063,0.3542144965562479,4273,1715,254,540
0.12,0.7524329106458272,0.2659968270756214,0.6335012594458438,0.37467411545623835,4600,1388,291,503
0.13,0.7870834562076083,0.296875,0.5982367758186398,0.3968253968253968,4863,1125,319,475
0.14,0.8108227661456797,0.32397408207343414,0.5667506297229219,0.4122766834631241,5049,939,344,450
0.15,0.8296962547920967,0.350207468879668,0.5314861460957179,0.4222111055527764,5205,783,372,422
0.16,0.842229430846358,0.3719851576994434,0.5050377833753149,0.4284188034188034,5311,677,393,401
0.17,0.8550575051607195,0.40186915887850466,0.48740554156171284,0.44052361980648835,5412,576,407,387
0.18,0.8612503686228251,0.4175084175084175,0.46851385390428213,0.44154302670623147,5469,519,422,372
0.19,0.868917723385432,0.44214372716199757,0.45717884130982367,0.44953560371517026,5530,458,431,363
0.2,0.8748156885874373,0.463768115942029,0.4433249370277078,0.45331616226658084,5581,407,442,352
0.21,0.8804187555293423,0.4879089615931721,0.43198992443324935,0.458249832999332,5628,360,451,343
0.22,0.8820406959598939,0.49550898203592814,0.4168765743073048,0.4528043775649795,5651,337,463,331
0.23,0.8851371276909467,0.5118483412322274,0.4080604534005038,0.45409950946040645,5679,309,470,324
0.24,0.8874963137717488,0.5256198347107438,0.4005037783375315,0.45461043602573264,5701,287,476,318
0.25,0.8889708050722501,0.5355285961871751,0.3891687657430731,0.45076586433260396,5720,268,485,309
0.26,0.8892657033323503,0.5393053016453382,0.371536523929471,0.4399701715137957,5736,252,499,295
0.27,0.8902978472427012,0.5471698113207547,0.36523929471032746,0.4380664652567976,5748,240,504,290
0.28,0.8907401946328517,0.5520628683693517,0.353904282115869,0.4313123561013047,5760,228,513,281
0.29,0.8907401946328517,0.5531062124248497,0.34760705289672544,0.42691415313225056,5765,223,518,276
0.3,0.8908876437629017,0.5560165975103735,0.33753148614609574,0.4200626959247649,5774,214,526,268
0.31,0.8910350928929519,0.55863539445629,0.32997481108312343,0.41488519398258117,5781,207,532,262
0.32,0.8926570333235034,0.5743243243243243,0.3211586901763224,0.41195476575121165,5799,189,539,255
0.33,0.893394278973754,0.5816091954022988,0.31863979848866497,0.41171684296175753,5806,182,541,253
0.34,0.8939840754939545,0.5890736342042755,0.3123425692695214,0.4082304526748971,5815,173,546,248
0.35,0.8942789737540549,0.5945945945945946,0.3047858942065491,0.4029975020815987,5823,165,552,242
0.36,0.8939840754939545,0.5944584382871536,0.2972292191435768,0.3963056255247691,5827,161,558,236
0.37,0.8939840754939545,0.5968992248062015,0.29093198992443325,0.3911939034716342,5832,156,563,231
0.38,0.8938366263639045,0.5989304812834224,0.28211586901763225,0.3835616438356164,5838,150,570,224
0.39,0.8936891772338543,0.6028169014084507,0.2695214105793451,0.37249782419495214,5847,141,580,214
0.4,0.893394278973754,0.6041055718475073,0.2594458438287154,0.3629955947136564,5853,135,588,206
0.41,0.8936891772338543,0.6102719033232629,0.25440806045340053,0.3591111111111111,5859,129,592,202
0.42,0.8936891772338543,0.6123076923076923,0.2506297229219144,0.355674709562109,5862,126,595,199
0.43,0.8938366263639045,0.6193548387096774,0.24181360201511334,0.34782608695652173,5870,118,602,192
0.44,0.8938366263639045,0.6241610738255033,0.23425692695214106,0.34065934065934067,5876,112,608,186
0.45,0.8941315246240047,0.6357142857142857,0.22418136020151133,0.33147113594040967,5886,102,616,178
0.46,0.893394278973754,0.6360153256704981,0.20906801007556675,0.31469194312796206,5893,95,628,166
0.47,0.8929519315836036,0.639344262295082,0.1964735516372796,0.30057803468208094,5900,88,638,156
0.48,0.8930993807136538,0.6455696202531646,0.19269521410579346,0.2967992240543162,5904,84,641,153
0.49,0.8928044824535535,0.6475770925110133,0.18513853904282115,0.28795298726738494,5908,80,647,147
0.5,0.8930993807136538,0.6575342465753424,0.181360201511335,0.2843040473840079,5913,75,650,144
0.51,0.8935417281038042,0.6730769230769231,0.17632241813602015,0.27944111776447106,5920,68,654,140
0.52,0.8936891772338543,0.6871794871794872,0.16876574307304787,0.27098078867542974,5927,61,660,134
0.53,0.893246829843704,0.6861702127659575,0.1624685138539043,0.26272912423625255,5929,59,665,129
0.54,0.893246829843704,0.6944444444444444,0.1574307304785894,0.25667351129363447,5933,55,669,125
0.55,0.8936891772338543,0.7085714285714285,0.1561712846347607,0.25593395252837975,5937,51,670,124
0.56,0.893394278973754,0.7100591715976331,0.15113350125944586,0.24922118380062305,5939,49,674,120
0.57,0.8928044824535535,0.7055214723926381,0.14483627204030228,0.24033437826541273,5940,48,679,115
0.58,0.8926570333235034,0.7088607594936709,0.14105793450881612,0.23529411764705882,5942,46,682,112
0.59,0.8917723385432026,0.7,0.13224181360201512,0.22245762711864406,5943,45,689,105
0.6,0.8913299911530522,0.696551724137931,0.12720403022670027,0.21512247071352503,5944,44,693,101
0.61,0.8917723385432026,0.717391304347826,0.12468513853904283,0.21244635193133046,5949,39,695,99
0.62,0.8910350928929519,0.7131782945736435,0.11586901763224182,0.19934994582881907,5951,37,702,92
0.63,0.8908876437629017,0.7213114754098361,0.11083123425692695,0.19213973799126638,5954,34,706,88
0.64,0.8910350928929519,0.7310924369747899,0.10957178841309824,0.19058050383351588,5956,32,707,87
0.65,0.8905927455028015,0.7241379310344828,0.10579345088161209,0.18461538461538463,5956,32,710,84
0.66,0.8904452963727514,0.7297297297297297,0.10201511335012595,0.17900552486187846,5958,30,713,81
0.67,0.8901503981126512,0.7247706422018348,0.09949622166246852,0.17497231450719822,5958,30,715,79
0.68,0.8901503981126512,0.7378640776699029,0.09571788413098237,0.16945373467112598,5961,27,718,76
0.69,0.8897080507225007,0.73,0.09193954659949623,0.16331096196868009,5961,27,721,73
0.7,0.8892657033323503,0.7263157894736842,0.08690176322418136,0.15523059617547807,5962,26,725,69
0.71,0.8891182542023002,0.7282608695652174,0.08438287153652393,0.15124153498871332,5963,25,727,67
0.72,0.8889708050722501,0.7303370786516854,0.0818639798488665,0.14722536806342015,5964,24,729,65
0.73,0.8883810085520495,0.7228915662650602,0.07556675062972293,0.13683010262257697,5965,23,734,60
0.74,0.8882335594219994,0.725,0.07304785894206549,0.13272311212814644,5966,22,736,58
0.75,0.8873488646416986,0.7083333333333334,0.06423173803526448,0.11778290993071594,5967,21,743,51
0.76,0.8873488646416986,0.7083333333333334,0.06423173803526448,0.11778290993071594,5967,21,743,51
0.77,0.8873488646416986,0.7272727272727273,0.060453400503778336,0.11162790697674418,5970,18,746,48
0.78,0.8872014155116484,0.7230769230769231,0.05919395465994962,0.10942956926658906,5970,18,747,47
0.79,0.8872014155116484,0.7457627118644068,0.055415617128463476,0.10316529894490035,5973,15,750,44
0.8,0.8867590681214981,0.7407407407407407,0.05037783375314862,0.09433962264150944,5974,14,754,40
0.81,0.8863167207313477,0.7446808510638298,0.04408060453400504,0.08323424494649227,5976,12,759,35
0.82,0.8861692716012975,0.7894736842105263,0.037783375314861464,0.07211538461538461,5980,8,764,30
0.83,0.8863167207313477,0.8285714285714286,0.036523929471032744,0.06996381182147166,5982,6,765,29
0.84,0.885579475081097,0.8214285714285714,0.028967254408060455,0.05596107055961071,5983,5,771,23
0.85,0.8854320259510469,0.84,0.02644836272040302,0.05128205128205128,5984,4,773,21
0.86,0.8851371276909467,0.8260869565217391,0.02392947103274559,0.046511627906976744,5984,4,775,19
0.87,0.8846947803007962,0.9285714285714286,0.0163727959697733,0.03217821782178218,5987,1,781,13
0.88,0.8839575346505456,0.8888888888888888,0.010075566750629723,0.019925280199252802,5987,1,786,8
0.89,0.8838100855204954,0.875,0.008816120906801008,0.017456359102244388,5987,1,787,7
0.9,0.8835151872603951,0.8333333333333334,0.006297229219143577,0.0125,5987,1,789,5
